
INSERT INTO `batch`(`id`,`coursename`,`sessionyear`,`stream`,`section`,`center`,`active`,`created_by`,`created_at`,`modified_by`,`modified_at`,`code`,`attendence`) VALUES ( '1', 'Foundation Class VII Class', '2018-2019', 'Foundation', 'Weekdays', '2', '1', 'system', CURRENT_TIMESTAMP(), NULL, NULL, 'KF7', '0' );
INSERT INTO `batch`(`id`,`coursename`,`sessionyear`,`stream`,`section`,`center`,`active`,`created_by`,`created_at`,`modified_by`,`modified_at`,`code`,`attendence`) VALUES ( '2', 'Foundation Class VII Class', '2018-2019', 'Foundation', 'Weekend', '2', '1', 'system', CURRENT_TIMESTAMP(), NULL, NULL, 'KF7-1', '0' );
INSERT INTO `batch`(`id`,`coursename`,`sessionyear`,`stream`,`section`,`center`,`active`,`created_by`,`created_at`,`modified_by`,`modified_at`,`code`,`attendence`) VALUES ( '3', 'Foundation Class VIII Class', '2018-2019', 'Foundation', 'Weekend', '2', '1', 'system', CURRENT_TIMESTAMP(), NULL, NULL, 'KF081', '0' );
INSERT INTO `batch`(`id`,`coursename`,`sessionyear`,`stream`,`section`,`center`,`active`,`created_by`,`created_at`,`modified_by`,`modified_at`,`code`,`attendence`) VALUES ( '4', 'Foundation Class VIII Class', '2018-2019', 'Foundation', 'Weekdays', '2', '1', 'system', CURRENT_TIMESTAMP(), NULL, NULL, 'KF082', '0' );
INSERT INTO `batch`(`id`,`coursename`,`sessionyear`,`stream`,`section`,`center`,`active`,`created_by`,`created_at`,`modified_by`,`modified_at`,`code`,`attendence`) VALUES ( '5', 'Foundation Class IX Class', '2018-2019', 'Foundation', 'Weekend', '2', '1', 'system', CURRENT_TIMESTAMP(), NULL, NULL, 'KF091', '70' );
INSERT INTO `batch`(`id`,`coursename`,`sessionyear`,`stream`,`section`,`center`,`active`,`created_by`,`created_at`,`modified_by`,`modified_at`,`code`,`attendence`) VALUES ( '6', 'Foundation Class IX Class', '2018-2019', 'Foundation', 'Weekdays', '2', '1', 'system', CURRENT_TIMESTAMP(), NULL, NULL, 'KF092', '0' );
INSERT INTO `batch`(`id`,`coursename`,`sessionyear`,`stream`,`section`,`center`,`active`,`created_by`,`created_at`,`modified_by`,`modified_at`,`code`,`attendence`) VALUES ( '7', 'Foundation Class X Class', '2018-2019', 'Foundation', 'Weekend', '2', '1', 'system', CURRENT_TIMESTAMP(), NULL, NULL, '', '0' );
INSERT INTO `batch`(`id`,`coursename`,`sessionyear`,`stream`,`section`,`center`,`active`,`created_by`,`created_at`,`modified_by`,`modified_at`,`code`,`attendence`) VALUES ( '8', 'Foundation Class X Class', '2018-2019', 'Foundation', 'Weekdays', '2', '1', 'system', CURRENT_TIMESTAMP(), NULL, NULL, '', '0' );
INSERT INTO `batch`(`id`,`coursename`,`sessionyear`,`stream`,`section`,`center`,`active`,`created_by`,`created_at`,`modified_by`,`modified_at`,`code`,`attendence`) VALUES ( '9', 'Two Year Medical XI Class', '2018-2020', 'Medical', 'Weekend', '2', '1', 'system', CURRENT_TIMESTAMP(), NULL, NULL, '', '0' );
INSERT INTO `batch`(`id`,`coursename`,`sessionyear`,`stream`,`section`,`center`,`active`,`created_by`,`created_at`,`modified_by`,`modified_at`,`code`,`attendence`) VALUES ( '10', 'Two Year Medical XI Class', '2018-2020', 'Medical', 'Weekdays', '2', '1', 'system', CURRENT_TIMESTAMP(), NULL, NULL, '', '0' );
INSERT INTO `batch`(`id`,`coursename`,`sessionyear`,`stream`,`section`,`center`,`active`,`created_by`,`created_at`,`modified_by`,`modified_at`,`code`,`attendence`) VALUES ( '11', 'Two Year Engineering Course XI Class', '2018-2019', 'Engineering', 'Weekend', '2', '1', 'system', CURRENT_TIMESTAMP(), NULL, NULL, '', '0' );
INSERT INTO `batch`(`id`,`coursename`,`sessionyear`,`stream`,`section`,`center`,`active`,`created_by`,`created_at`,`modified_by`,`modified_at`,`code`,`attendence`) VALUES ( '12', 'Two Year Engineering Course XI Class', '2018-2019', 'Engineering', 'Weekdays', '2', '1', 'system', CURRENT_TIMESTAMP(), NULL, NULL, '', '0' );
INSERT INTO `batch`(`id`,`coursename`,`sessionyear`,`stream`,`section`,`center`,`active`,`created_by`,`created_at`,`modified_by`,`modified_at`,`code`,`attendence`) VALUES ( '13', 'One Year Medical Course XII Class', '2018-2019', 'Medical', 'Weekend', '2', '1', 'system', CURRENT_TIMESTAMP(), NULL, NULL, '', '0' );
INSERT INTO `batch`(`id`,`coursename`,`sessionyear`,`stream`,`section`,`center`,`active`,`created_by`,`created_at`,`modified_by`,`modified_at`,`code`,`attendence`) VALUES ( '14', 'One Year Medical Course XII Class', '2018-2019', 'Medical', 'Weekdays', '2', '1', 'system', CURRENT_TIMESTAMP(), NULL, NULL, '', '0' );
INSERT INTO `batch`(`id`,`coursename`,`sessionyear`,`stream`,`section`,`center`,`active`,`created_by`,`created_at`,`modified_by`,`modified_at`,`code`,`attendence`) VALUES ( '15', 'One Year Engineering Course XII Class', '2018-2019', 'Engineering', 'Weekend', '2', '1', 'system', CURRENT_TIMESTAMP(), NULL, NULL, '', '0' );
INSERT INTO `batch`(`id`,`coursename`,`sessionyear`,`stream`,`section`,`center`,`active`,`created_by`,`created_at`,`modified_by`,`modified_at`,`code`,`attendence`) VALUES ( '16', 'One Year Engineering Course XII Class', '2018-2019', 'Engineering', 'Weekdays', '2', '1', 'system', CURRENT_TIMESTAMP(), NULL, NULL, '', '0' );
INSERT INTO `batch`(`id`,`coursename`,`sessionyear`,`stream`,`section`,`center`,`active`,`created_by`,`created_at`,`modified_by`,`modified_at`,`code`,`attendence`) VALUES ( '17', 'One Year Medical Course XII Pasout', '2018-2019', 'Medical', 'Weekdays', '2', '1', 'system', CURRENT_TIMESTAMP(), NULL, NULL, '', '0' );
INSERT INTO `batch`(`id`,`coursename`,`sessionyear`,`stream`,`section`,`center`,`active`,`created_by`,`created_at`,`modified_by`,`modified_at`,`code`,`attendence`) VALUES ( '18', 'One Year Engineering Course XII Pasout', '2018-2019', 'Engineering', 'Weekdays', '2', '1', 'system', CURRENT_TIMESTAMP(), NULL, NULL, '', '0' );
INSERT INTO `batch`(`id`,`coursename`,`sessionyear`,`stream`,`section`,`center`,`active`,`created_by`,`created_at`,`modified_by`,`modified_at`,`code`,`attendence`) VALUES ( '19', 'Short Term Course XI (Medical)', '2019-2020', 'NEET/AIIMS', 'Weekdays', '2', '1', 'system', CURRENT_TIMESTAMP(), NULL, NULL, '', '0' );
INSERT INTO `batch`(`id`,`coursename`,`sessionyear`,`stream`,`section`,`center`,`active`,`created_by`,`created_at`,`modified_by`,`modified_at`,`code`,`attendence`) VALUES ( '20', 'Short Term Course XI (Engineering)', '2019-2020', 'JEE Main & Adv.', 'Weekdays', '2', '1', 'system', CURRENT_TIMESTAMP(), NULL, NULL, '', '0' );
INSERT INTO `batch`(`id`,`coursename`,`sessionyear`,`stream`,`section`,`center`,`active`,`created_by`,`created_at`,`modified_by`,`modified_at`,`code`,`attendence`) VALUES ( '21', 'Test Series Course XII Studying & XII Passed (Engineering)', '2018-2019', 'JEE Main & Adv.', 'Regular', '2', '1', 'system', CURRENT_TIMESTAMP(), NULL, NULL, '', '0' );
INSERT INTO `batch`(`id`,`coursename`,`sessionyear`,`stream`,`section`,`center`,`active`,`created_by`,`created_at`,`modified_by`,`modified_at`,`code`,`attendence`) VALUES ( '22', 'Test Series Course XII Studying & XII Passed (Medical)', '2018-2019', 'NEET/AIIMS', 'Regular', '2', '1', 'system', CURRENT_TIMESTAMP(), NULL, NULL, '', '0' );
INSERT INTO `batch`(`id`,`coursename`,`sessionyear`,`stream`,`section`,`center`,`active`,`created_by`,`created_at`,`modified_by`,`modified_at`,`code`,`attendence`) VALUES ( '23', 'Two Year Medical Course XI Class-2017-19 (CF)', '2017-2019', 'Medical', 'Weekend', '2', '0', 'system', CURRENT_TIMESTAMP(), NULL, NULL, '', '0' );
INSERT INTO `batch`(`id`,`coursename`,`sessionyear`,`stream`,`section`,`center`,`active`,`created_by`,`created_at`,`modified_by`,`modified_at`,`code`,`attendence`) VALUES ( '24', 'Two Year Medical Course XI Class-2017-19 (CF)', '2017-2019', 'Medical', 'Weekdays', '2', '0', 'system', CURRENT_TIMESTAMP(), NULL, NULL, '', '0' );
INSERT INTO `batch`(`id`,`coursename`,`sessionyear`,`stream`,`section`,`center`,`active`,`created_by`,`created_at`,`modified_by`,`modified_at`,`code`,`attendence`) VALUES ( '25', 'Two Year Engineering Course XI Class-2017-19 (CF)', '2017-2019', 'Engineering', 'Weekend', '2', '0', 'system', CURRENT_TIMESTAMP(), NULL, NULL, '', '0' );
INSERT INTO `batch`(`id`,`coursename`,`sessionyear`,`stream`,`section`,`center`,`active`,`created_by`,`created_at`,`modified_by`,`modified_at`,`code`,`attendence`) VALUES ( '26', 'Two Year Engineering Course XI Class-2017-19 (CF)', '2017-2019', 'Engineering', 'Weekdays', '2', '0', 'system', CURRENT_TIMESTAMP(), NULL, NULL, '', '0' );
INSERT INTO `batch`(`id`,`coursename`,`sessionyear`,`stream`,`section`,`center`,`active`,`created_by`,`created_at`,`modified_by`,`modified_at`,`code`,`attendence`) VALUES ( '27', 'Short Term Course XII & XII Passed (Medical) 2018-19', '2018-2019', 'NEET/AIIMS', 'Regular', '2', '0', 'system', CURRENT_TIMESTAMP(), NULL, NULL, '', '0' );
INSERT INTO `batch`(`id`,`coursename`,`sessionyear`,`stream`,`section`,`center`,`active`,`created_by`,`created_at`,`modified_by`,`modified_at`,`code`,`attendence`) VALUES ( '28', 'Short Term Course XII & XII Passed (Engineering) 2018-19', '2018-2019', 'JEE Main & Adv.', 'Regular', '2', '0', 'system', CURRENT_TIMESTAMP(), NULL, NULL, '', '0' );
INSERT INTO `batch`(`id`,`coursename`,`sessionyear`,`stream`,`section`,`center`,`active`,`created_by`,`created_at`,`modified_by`,`modified_at`,`code`,`attendence`) VALUES ( '29', 'Test Series Course XI (Engineering) 2018-20', '2018-2019', 'JEE Main & Adv.', 'Regular', '2', '0', 'system', CURRENT_TIMESTAMP(), NULL, NULL, '', '0' );

INSERT INTO `center`(`id`,`centercode`,`centername`,`active`,`created_by`,`created_at`,`modified_by`,`modified_at`) VALUES ( '1', '0001', 'Vaishali', '1', 'system', CURRENT_TIMESTAMP(), NULL, NULL );
INSERT INTO `center`(`id`,`centercode`,`centername`,`active`,`created_by`,`created_at`,`modified_by`,`modified_at`) VALUES ( '2', '0002', 'Faridabad', '1', 'system', CURRENT_TIMESTAMP(), NULL, NULL );

INSERT INTO `user`(`id`,`email`,`password`,`name`,`lastname`,`active`,`role`,`created_by`,`created_at`,`modified_by`,`modified_at`,`center`) VALUES ( '1', 'admin.faridabad@konics.com', 'password', 'Admin', 'Faridabad', '1', 'ADMIN', 'system', CURRENT_TIMESTAMP(), NULL, NULL, '2' );
INSERT INTO `user`(`id`,`email`,`password`,`name`,`lastname`,`active`,`role`,`created_by`,`created_at`,`modified_by`,`modified_at`,`center`) VALUES ( '2', 'user.faridabad@konics.com', 'password', 'User', 'Faridabad', '1', 'USER', 'system', CURRENT_TIMESTAMP(), NULL, NULL, '2' );
INSERT INTO `user`(`id`,`email`,`password`,`name`,`lastname`,`active`,`role`,`created_by`,`created_at`,`modified_by`,`modified_at`,`center`) VALUES ( '3', 'guest.faridabad@konics.com', 'password', 'Guest', 'Faridabad', '1', 'GUEST', 'system', CURRENT_TIMESTAMP(), NULL, NULL, '2' );
INSERT INTO `user`(`id`,`email`,`password`,`name`,`lastname`,`active`,`role`,`created_by`,`created_at`,`modified_by`,`modified_at`,`center`) VALUES ( '4', 'user.vaishali@konics.com', 'password', 'User', 'Vaishali', '1', 'USER', 'system', CURRENT_TIMESTAMP(), NULL, NULL, '1' );
INSERT INTO `user`(`id`,`email`,`password`,`name`,`lastname`,`active`,`role`,`created_by`,`created_at`,`modified_by`,`modified_at`,`center`) VALUES ( '5', 'guest.vaishali@konics.com', 'password', 'Guest', 'Vaishali', '1', 'GUEST', 'system', CURRENT_TIMESTAMP(), NULL, NULL, '1' );
INSERT INTO `user`(`id`,`email`,`password`,`name`,`lastname`,`active`,`role`,`created_by`,`created_at`,`modified_by`,`modified_at`,`center`) VALUES ( '6', 'admin.vaishali@konics.com', 'password', 'Admin', 'Vaishali', '1', 'ADMIN', 'system', CURRENT_TIMESTAMP(), NULL, NULL, '1' );


INSERT INTO `exam`(`id`,`name`,`subject`,`totalmarks`,`passingmarks`,`preparedBy`,`evaluatedBy`,`dtconduct`,`dtresult`,`remarks`,`center`,`batch`,`active`,`createdby`,`createdat`,`modifiedby`,`modifiedat`) VALUES ( '1', 'Exam 1', 'PHYSICS', '100', '35', 'Alpha', 'Beta', '2011-01-08', '2015-08-21', NULL, '2', '5', '1', 'system', CURRENT_TIMESTAMP(), NULL, NULL );
INSERT INTO `exam`(`id`,`name`,`subject`,`totalmarks`,`passingmarks`,`preparedBy`,`evaluatedBy`,`dtconduct`,`dtresult`,`remarks`,`center`,`batch`,`active`,`createdby`,`createdat`,`modifiedby`,`modifiedat`) VALUES ( '2', 'Exam 2', 'CHEMISTRY', '100', '35', 'B', 'Q', '2018-02-02', '2018-02-03', NULL, '2', '5', '1', 'system', CURRENT_TIMESTAMP(), NULL, NULL );
INSERT INTO `exam`(`id`,`name`,`subject`,`totalmarks`,`passingmarks`,`preparedBy`,`evaluatedBy`,`dtconduct`,`dtresult`,`remarks`,`center`,`batch`,`active`,`createdby`,`createdat`,`modifiedby`,`modifiedat`) VALUES ( '3', 'Exam 1', 'BIOLOGY', '100', '35', 'C', 'R', '2018-03-03', '2018-03-04', NULL, '2', '5', '1', 'system', CURRENT_TIMESTAMP(), NULL, NULL );
INSERT INTO `exam`(`id`,`name`,`subject`,`totalmarks`,`passingmarks`,`preparedBy`,`evaluatedBy`,`dtconduct`,`dtresult`,`remarks`,`center`,`batch`,`active`,`createdby`,`createdat`,`modifiedby`,`modifiedat`) VALUES ( '4', 'Exam 3', 'MATHEMATICS', '100', '35', 'D', 'S', '2018-04-10', '2018-04-11', NULL, '2', '5', '1', 'system', CURRENT_TIMESTAMP(), NULL, NULL );
INSERT INTO `exam`(`id`,`name`,`subject`,`totalmarks`,`passingmarks`,`preparedBy`,`evaluatedBy`,`dtconduct`,`dtresult`,`remarks`,`center`,`batch`,`active`,`createdby`,`createdat`,`modifiedby`,`modifiedat`) VALUES ( '5', 'Exam 2', 'ENGLISH', '100', '35', 'E', 'T', '2018-05-06', '2018-05-07', NULL, '2', '5', '1', 'system', CURRENT_TIMESTAMP(), NULL, NULL );


INSERT INTO `marks`(`id`,`student`,`exam`,`center`,`mark`,`batch`,`active`,`createdby`,`createdat`,`modifiedby`,`modifiedat`) VALUES ( '1', '16', '1', '2', '30', '5', '1', 'system', CURRENT_TIMESTAMP(), NULL, NULL );
INSERT INTO `marks`(`id`,`student`,`exam`,`center`,`mark`,`batch`,`active`,`createdby`,`createdat`,`modifiedby`,`modifiedat`) VALUES ( '2', '17', '1', '2', '30', '5', '1', 'system', CURRENT_TIMESTAMP(), NULL, NULL );
INSERT INTO `marks`(`id`,`student`,`exam`,`center`,`mark`,`batch`,`active`,`createdby`,`createdat`,`modifiedby`,`modifiedat`) VALUES ( '3', '18', '1', '2', '30', '5', '1', 'system', CURRENT_TIMESTAMP(), NULL, NULL );
INSERT INTO `marks`(`id`,`student`,`exam`,`center`,`mark`,`batch`,`active`,`createdby`,`createdat`,`modifiedby`,`modifiedat`) VALUES ( '4', '19', '1', '2', '30', '5', '1', 'system', CURRENT_TIMESTAMP(), NULL, NULL );
INSERT INTO `marks`(`id`,`student`,`exam`,`center`,`mark`,`batch`,`active`,`createdby`,`createdat`,`modifiedby`,`modifiedat`) VALUES ( '5', '23', '1', '2', '30', '5', '1', 'system', CURRENT_TIMESTAMP(), NULL, NULL );
INSERT INTO `marks`(`id`,`student`,`exam`,`center`,`mark`,`batch`,`active`,`createdby`,`createdat`,`modifiedby`,`modifiedat`) VALUES ( '6', '24', '1', '2', '30', '5', '1', 'system', CURRENT_TIMESTAMP(), NULL, NULL );
INSERT INTO `marks`(`id`,`student`,`exam`,`center`,`mark`,`batch`,`active`,`createdby`,`createdat`,`modifiedby`,`modifiedat`) VALUES ( '7', '25', '1', '2', '30', '5', '1', 'system', CURRENT_TIMESTAMP(), NULL, NULL );
INSERT INTO `marks`(`id`,`student`,`exam`,`center`,`mark`,`batch`,`active`,`createdby`,`createdat`,`modifiedby`,`modifiedat`) VALUES ( '8', '26', '1', '2', '30', '5', '1', 'system', CURRENT_TIMESTAMP(), NULL, NULL );
INSERT INTO `marks`(`id`,`student`,`exam`,`center`,`mark`,`batch`,`active`,`createdby`,`createdat`,`modifiedby`,`modifiedat`) VALUES ( '9', '27', '1', '2', '30', '5', '1', 'system', CURRENT_TIMESTAMP(), NULL, NULL );
INSERT INTO `marks`(`id`,`student`,`exam`,`center`,`mark`,`batch`,`active`,`createdby`,`createdat`,`modifiedby`,`modifiedat`) VALUES ( '10', '28', '1', '2', '30', '5', '1', 'system', CURRENT_TIMESTAMP(), NULL, NULL );
INSERT INTO `marks`(`id`,`student`,`exam`,`center`,`mark`,`batch`,`active`,`createdby`,`createdat`,`modifiedby`,`modifiedat`) VALUES ( '11', '16', '2', '2', '30', '5', '1', 'system', CURRENT_TIMESTAMP(), NULL, NULL );
INSERT INTO `marks`(`id`,`student`,`exam`,`center`,`mark`,`batch`,`active`,`createdby`,`createdat`,`modifiedby`,`modifiedat`) VALUES ( '12', '17', '2', '2', '30', '5', '1', 'system', CURRENT_TIMESTAMP(), NULL, NULL );
INSERT INTO `marks`(`id`,`student`,`exam`,`center`,`mark`,`batch`,`active`,`createdby`,`createdat`,`modifiedby`,`modifiedat`) VALUES ( '13', '18', '2', '2', '30', '5', '1', 'system', CURRENT_TIMESTAMP(), NULL, NULL );
INSERT INTO `marks`(`id`,`student`,`exam`,`center`,`mark`,`batch`,`active`,`createdby`,`createdat`,`modifiedby`,`modifiedat`) VALUES ( '14', '19', '2', '2', '30', '5', '1', 'system', CURRENT_TIMESTAMP(), NULL, NULL );
INSERT INTO `marks`(`id`,`student`,`exam`,`center`,`mark`,`batch`,`active`,`createdby`,`createdat`,`modifiedby`,`modifiedat`) VALUES ( '15', '23', '2', '2', '30', '5', '1', 'system', CURRENT_TIMESTAMP(), NULL, NULL );
INSERT INTO `marks`(`id`,`student`,`exam`,`center`,`mark`,`batch`,`active`,`createdby`,`createdat`,`modifiedby`,`modifiedat`) VALUES ( '16', '24', '2', '2', '30', '5', '1', 'system', CURRENT_TIMESTAMP(), NULL, NULL );
INSERT INTO `marks`(`id`,`student`,`exam`,`center`,`mark`,`batch`,`active`,`createdby`,`createdat`,`modifiedby`,`modifiedat`) VALUES ( '17', '25', '2', '2', '30', '5', '1', 'system', CURRENT_TIMESTAMP(), NULL, NULL );
INSERT INTO `marks`(`id`,`student`,`exam`,`center`,`mark`,`batch`,`active`,`createdby`,`createdat`,`modifiedby`,`modifiedat`) VALUES ( '18', '26', '2', '2', '30', '5', '1', 'system', CURRENT_TIMESTAMP(), NULL, NULL );
INSERT INTO `marks`(`id`,`student`,`exam`,`center`,`mark`,`batch`,`active`,`createdby`,`createdat`,`modifiedby`,`modifiedat`) VALUES ( '19', '27', '2', '2', '30', '5', '1', 'system', CURRENT_TIMESTAMP(), NULL, NULL );
INSERT INTO `marks`(`id`,`student`,`exam`,`center`,`mark`,`batch`,`active`,`createdby`,`createdat`,`modifiedby`,`modifiedat`) VALUES ( '20', '28', '2', '2', '30', '5', '1', 'system', CURRENT_TIMESTAMP(), NULL, NULL );
INSERT INTO `marks`(`id`,`student`,`exam`,`center`,`mark`,`batch`,`active`,`createdby`,`createdat`,`modifiedby`,`modifiedat`) VALUES ( '21', '16', '3', '2', '30', '5', '1', 'system', CURRENT_TIMESTAMP(), NULL, NULL );
INSERT INTO `marks`(`id`,`student`,`exam`,`center`,`mark`,`batch`,`active`,`createdby`,`createdat`,`modifiedby`,`modifiedat`) VALUES ( '22', '17', '3', '2', '30', '5', '1', 'system', CURRENT_TIMESTAMP(), NULL, NULL );
INSERT INTO `marks`(`id`,`student`,`exam`,`center`,`mark`,`batch`,`active`,`createdby`,`createdat`,`modifiedby`,`modifiedat`) VALUES ( '23', '18', '3', '2', '30', '5', '1', 'system', CURRENT_TIMESTAMP(), NULL, NULL );
INSERT INTO `marks`(`id`,`student`,`exam`,`center`,`mark`,`batch`,`active`,`createdby`,`createdat`,`modifiedby`,`modifiedat`) VALUES ( '24', '19', '3', '2', '30', '5', '1', 'system', CURRENT_TIMESTAMP(), NULL, NULL );
INSERT INTO `marks`(`id`,`student`,`exam`,`center`,`mark`,`batch`,`active`,`createdby`,`createdat`,`modifiedby`,`modifiedat`) VALUES ( '25', '23', '3', '2', '30', '5', '1', 'system', CURRENT_TIMESTAMP(), NULL, NULL );
INSERT INTO `marks`(`id`,`student`,`exam`,`center`,`mark`,`batch`,`active`,`createdby`,`createdat`,`modifiedby`,`modifiedat`) VALUES ( '26', '24', '3', '2', '30', '5', '1', 'system', CURRENT_TIMESTAMP(), NULL, NULL );
INSERT INTO `marks`(`id`,`student`,`exam`,`center`,`mark`,`batch`,`active`,`createdby`,`createdat`,`modifiedby`,`modifiedat`) VALUES ( '27', '25', '3', '2', '30', '5', '1', 'system', CURRENT_TIMESTAMP(), NULL, NULL );
INSERT INTO `marks`(`id`,`student`,`exam`,`center`,`mark`,`batch`,`active`,`createdby`,`createdat`,`modifiedby`,`modifiedat`) VALUES ( '28', '26', '3', '2', '30', '5', '1', 'system', CURRENT_TIMESTAMP(), NULL, NULL );
INSERT INTO `marks`(`id`,`student`,`exam`,`center`,`mark`,`batch`,`active`,`createdby`,`createdat`,`modifiedby`,`modifiedat`) VALUES ( '29', '27', '3', '2', '30', '5', '1', 'system', CURRENT_TIMESTAMP(), NULL, NULL );
INSERT INTO `marks`(`id`,`student`,`exam`,`center`,`mark`,`batch`,`active`,`createdby`,`createdat`,`modifiedby`,`modifiedat`) VALUES ( '30', '28', '3', '2', '30', '5', '1', 'system', CURRENT_TIMESTAMP(), NULL, NULL );
INSERT INTO `marks`(`id`,`student`,`exam`,`center`,`mark`,`batch`,`active`,`createdby`,`createdat`,`modifiedby`,`modifiedat`) VALUES ( '31', '16', '4', '2', '30', '5', '1', 'system', CURRENT_TIMESTAMP(), NULL, NULL );
INSERT INTO `marks`(`id`,`student`,`exam`,`center`,`mark`,`batch`,`active`,`createdby`,`createdat`,`modifiedby`,`modifiedat`) VALUES ( '32', '17', '4', '2', '30', '5', '1', 'system', CURRENT_TIMESTAMP(), NULL, NULL );
INSERT INTO `marks`(`id`,`student`,`exam`,`center`,`mark`,`batch`,`active`,`createdby`,`createdat`,`modifiedby`,`modifiedat`) VALUES ( '33', '18', '4', '2', '30', '5', '1', 'system', CURRENT_TIMESTAMP(), NULL, NULL );
INSERT INTO `marks`(`id`,`student`,`exam`,`center`,`mark`,`batch`,`active`,`createdby`,`createdat`,`modifiedby`,`modifiedat`) VALUES ( '34', '19', '4', '2', '30', '5', '1', 'system', CURRENT_TIMESTAMP(), NULL, NULL );
INSERT INTO `marks`(`id`,`student`,`exam`,`center`,`mark`,`batch`,`active`,`createdby`,`createdat`,`modifiedby`,`modifiedat`) VALUES ( '35', '23', '4', '2', '30', '5', '1', 'system', CURRENT_TIMESTAMP(), NULL, NULL );
INSERT INTO `marks`(`id`,`student`,`exam`,`center`,`mark`,`batch`,`active`,`createdby`,`createdat`,`modifiedby`,`modifiedat`) VALUES ( '36', '24', '4', '2', '30', '5', '1', 'system', CURRENT_TIMESTAMP(), NULL, NULL );
INSERT INTO `marks`(`id`,`student`,`exam`,`center`,`mark`,`batch`,`active`,`createdby`,`createdat`,`modifiedby`,`modifiedat`) VALUES ( '37', '25', '4', '2', '30', '5', '1', 'system', CURRENT_TIMESTAMP(), NULL, NULL );
INSERT INTO `marks`(`id`,`student`,`exam`,`center`,`mark`,`batch`,`active`,`createdby`,`createdat`,`modifiedby`,`modifiedat`) VALUES ( '38', '26', '4', '2', '30', '5', '1', 'system', CURRENT_TIMESTAMP(), NULL, NULL );
INSERT INTO `marks`(`id`,`student`,`exam`,`center`,`mark`,`batch`,`active`,`createdby`,`createdat`,`modifiedby`,`modifiedat`) VALUES ( '39', '27', '4', '2', '30', '5', '1', 'system', CURRENT_TIMESTAMP(), NULL, NULL );
INSERT INTO `marks`(`id`,`student`,`exam`,`center`,`mark`,`batch`,`active`,`createdby`,`createdat`,`modifiedby`,`modifiedat`) VALUES ( '40', '28', '4', '2', '30', '5', '1', 'system', CURRENT_TIMESTAMP(), NULL, NULL );
INSERT INTO `marks`(`id`,`student`,`exam`,`center`,`mark`,`batch`,`active`,`createdby`,`createdat`,`modifiedby`,`modifiedat`) VALUES ( '41', '16', '5', '2', '30', '5', '1', 'system', CURRENT_TIMESTAMP(), NULL, NULL );
INSERT INTO `marks`(`id`,`student`,`exam`,`center`,`mark`,`batch`,`active`,`createdby`,`createdat`,`modifiedby`,`modifiedat`) VALUES ( '42', '17', '5', '2', '30', '5', '1', 'system', CURRENT_TIMESTAMP(), NULL, NULL );
INSERT INTO `marks`(`id`,`student`,`exam`,`center`,`mark`,`batch`,`active`,`createdby`,`createdat`,`modifiedby`,`modifiedat`) VALUES ( '43', '18', '5', '2', '30', '5', '1', 'system', CURRENT_TIMESTAMP(), NULL, NULL );
INSERT INTO `marks`(`id`,`student`,`exam`,`center`,`mark`,`batch`,`active`,`createdby`,`createdat`,`modifiedby`,`modifiedat`) VALUES ( '44', '19', '5', '2', '30', '5', '1', 'system', CURRENT_TIMESTAMP(), NULL, NULL );
INSERT INTO `marks`(`id`,`student`,`exam`,`center`,`mark`,`batch`,`active`,`createdby`,`createdat`,`modifiedby`,`modifiedat`) VALUES ( '45', '23', '5', '2', '30', '5', '1', 'system', CURRENT_TIMESTAMP(), NULL, NULL );
INSERT INTO `marks`(`id`,`student`,`exam`,`center`,`mark`,`batch`,`active`,`createdby`,`createdat`,`modifiedby`,`modifiedat`) VALUES ( '46', '24', '5', '2', '30', '5', '1', 'system', CURRENT_TIMESTAMP(), NULL, NULL );
INSERT INTO `marks`(`id`,`student`,`exam`,`center`,`mark`,`batch`,`active`,`createdby`,`createdat`,`modifiedby`,`modifiedat`) VALUES ( '47', '25', '5', '2', '30', '5', '1', 'system', CURRENT_TIMESTAMP(), NULL, NULL );
INSERT INTO `marks`(`id`,`student`,`exam`,`center`,`mark`,`batch`,`active`,`createdby`,`createdat`,`modifiedby`,`modifiedat`) VALUES ( '48', '26', '5', '2', '30', '5', '1', 'system', CURRENT_TIMESTAMP(), NULL, NULL );
INSERT INTO `marks`(`id`,`student`,`exam`,`center`,`mark`,`batch`,`active`,`createdby`,`createdat`,`modifiedby`,`modifiedat`) VALUES ( '49', '27', '5', '2', '30', '5', '1', 'system', CURRENT_TIMESTAMP(), NULL, NULL );
INSERT INTO `marks`(`id`,`student`,`exam`,`center`,`mark`,`batch`,`active`,`createdby`,`createdat`,`modifiedby`,`modifiedat`) VALUES ( '50', '28', '5', '2', '30', '5', '1', 'system', CURRENT_TIMESTAMP(), NULL, NULL );

INSERT INTO `student`(`id`,`rollnumber`,`name`,`fathername`,`mothername`,`goccupation`,`dob`,`address1`,`address2`,`address3`,`state`,`phone`,`otherphone`,`mobile`,`email`,`category`,`gender`,`bloodgroup`,`schoolname`,`remarks`,`percentage`,`center`,`regno`,`active`,`created_by`,`created_at`,`modified_by`,`modified_at`,`batch`,`dtjoining`,`dtleaving`,`attendence`) VALUES ( '16', '2180900001', 'Vaishnavi Jha', 'Mr. Vinay Chandra Jha', 'Mrs. Saraswati Jha', 'Service', NULL, 'H. NO. D 228, St. No. 1', 'Dheeraj Nagar, Sector 30', 'Near Manav Sanskar School, Faridabad', 'Haryana', NULL, '9818524292', '9313547479', NULL, 'General', 'Female', NULL, 'SOS Hermann Gmeiner School, Sector 29, Faridabad', NULL, NULL, '2', NULL, '1', 'system', CURRENT_TIMESTAMP(), NULL, NULL, '5', NULL, NULL, '0' );
INSERT INTO `student`(`id`,`rollnumber`,`name`,`fathername`,`mothername`,`goccupation`,`dob`,`address1`,`address2`,`address3`,`state`,`phone`,`otherphone`,`mobile`,`email`,`category`,`gender`,`bloodgroup`,`schoolname`,`remarks`,`percentage`,`center`,`regno`,`active`,`created_by`,`created_at`,`modified_by`,`modified_at`,`batch`,`dtjoining`,`dtleaving`,`attendence`) VALUES ( '17', '2180900002', 'Ujjawal Shrivastav', 'Mr. Vivek Kumar', 'Mrs. Shalini Kumari', 'Service', NULL, 'H. No. 11, St. No. 7', 'Defence Block, Dheeraj Nagar', 'Atmadpur, Sector 30, Faridabad', 'Haryana', NULL, '7834870101', '9899577148', 'vivekknet@yahoo.com', NULL, 'Male', NULL, 'Faridabad Model School, Sector 31, Faridabad', NULL, NULL, '2', NULL, '1', 'system', CURRENT_TIMESTAMP(), NULL, NULL, '5', NULL, NULL, '0' );
INSERT INTO `student`(`id`,`rollnumber`,`name`,`fathername`,`mothername`,`goccupation`,`dob`,`address1`,`address2`,`address3`,`state`,`phone`,`otherphone`,`mobile`,`email`,`category`,`gender`,`bloodgroup`,`schoolname`,`remarks`,`percentage`,`center`,`regno`,`active`,`created_by`,`created_at`,`modified_by`,`modified_at`,`batch`,`dtjoining`,`dtleaving`,`attendence`) VALUES ( '18', '2180900003', 'Aishwarya Singh', 'Mr. Manoj Kumar Singh', 'Mrs. Aradhana Singh', 'Service', NULL, 'H. No. B-18, SF P-2 Dhinors', 'California Country, Sector 80', 'Faridabad', 'Haryana', '9911310199', '9015686464', '8130090738', 'singh1875singhmanoj1875@gmail.com', 'General', 'Female', NULL, 'Emerald Convent School, Sector 79, Faridabad', NULL, NULL, '2', NULL, '1', 'system', CURRENT_TIMESTAMP(), NULL, NULL, '5', NULL, NULL, '0' );
INSERT INTO `student`(`id`,`rollnumber`,`name`,`fathername`,`mothername`,`goccupation`,`dob`,`address1`,`address2`,`address3`,`state`,`phone`,`otherphone`,`mobile`,`email`,`category`,`gender`,`bloodgroup`,`schoolname`,`remarks`,`percentage`,`center`,`regno`,`active`,`created_by`,`created_at`,`modified_by`,`modified_at`,`batch`,`dtjoining`,`dtleaving`,`attendence`) VALUES ( '19', '2180900004', 'Prince Benjwal', 'Mr. Vijay Benjwal', 'Mrs. Neeta Benjwal', 'Service', NULL, 'H. No. 416, SF, Block-B', 'Green Field Colony, Near NHPC', 'Faridabad', 'Haryana', '7982539792', '9711559454', '9873566178', 'vbenjwal@rediffmail.com', 'General', 'Male', NULL, 'DAV Public School, Sector 14, FBD', NULL, NULL, '2', NULL, '1', 'system', CURRENT_TIMESTAMP(), NULL, NULL, '5', NULL, NULL, '0' );
INSERT INTO `student`(`id`,`rollnumber`,`name`,`fathername`,`mothername`,`goccupation`,`dob`,`address1`,`address2`,`address3`,`state`,`phone`,`otherphone`,`mobile`,`email`,`category`,`gender`,`bloodgroup`,`schoolname`,`remarks`,`percentage`,`center`,`regno`,`active`,`created_by`,`created_at`,`modified_by`,`modified_at`,`batch`,`dtjoining`,`dtleaving`,`attendence`) VALUES ( '20', '2180900005', 'Ashutosh Bharti', 'MR.DIWAKAR BHARTI', 'PUSHLATA', 'Service', NULL, 'HN. 40 DHEERAJ NAGAR', 'PART II NEAR PANCHMUKHI MANDIR', 'NAHAR PAR', 'Haryana', '9911816845', '9871650199', NULL, 'bhartidiwakar5@gmail.com', 'General', 'Male', NULL, 'SOS Hermann Gmeiner School, Sector 29, Faridabad', NULL, NULL, '2', NULL, '1', 'system', CURRENT_TIMESTAMP(), NULL, NULL, '6', NULL, NULL, '0' );
INSERT INTO `student`(`id`,`rollnumber`,`name`,`fathername`,`mothername`,`goccupation`,`dob`,`address1`,`address2`,`address3`,`state`,`phone`,`otherphone`,`mobile`,`email`,`category`,`gender`,`bloodgroup`,`schoolname`,`remarks`,`percentage`,`center`,`regno`,`active`,`created_by`,`created_at`,`modified_by`,`modified_at`,`batch`,`dtjoining`,`dtleaving`,`attendence`) VALUES ( '21', '2180900006', 'Khushi Tiwari', 'Mr. Ashok kumar Tiwari', 'Mrs.Sandhya Tiwari', 'Business', NULL, 'HN. 279Harkesh Nagar', 'Tilpat', 'Faridabad', 'Haryana', '9811964039', '9811964029', NULL, 'sgraphic77@gmail.com', 'General', 'Female', NULL, 'Ashok Memorial Public School Sector 37', NULL, NULL, '2', NULL, '1', 'system', CURRENT_TIMESTAMP(), NULL, NULL, '6', NULL, NULL, '0' );
INSERT INTO `student`(`id`,`rollnumber`,`name`,`fathername`,`mothername`,`goccupation`,`dob`,`address1`,`address2`,`address3`,`state`,`phone`,`otherphone`,`mobile`,`email`,`category`,`gender`,`bloodgroup`,`schoolname`,`remarks`,`percentage`,`center`,`regno`,`active`,`created_by`,`created_at`,`modified_by`,`modified_at`,`batch`,`dtjoining`,`dtleaving`,`attendence`) VALUES ( '22', '2180900007', 'Parth Saini', 'Mr. Naresh Kumar Saini', 'Mrs.Kamlesh Saini', 'Manager', NULL, 'H.No 1566 Sector 9', NULL, 'Faridabad', 'Haryana', '8130892495', '9599072462', NULL, 'nk_sani@yahoo.com', 'General', 'Male', NULL, 'Divine Public School, Sector 9, FBD', NULL, NULL, '2', NULL, '1', 'system', CURRENT_TIMESTAMP(), NULL, NULL, '6', NULL, NULL, '0' );
INSERT INTO `student`(`id`,`rollnumber`,`name`,`fathername`,`mothername`,`goccupation`,`dob`,`address1`,`address2`,`address3`,`state`,`phone`,`otherphone`,`mobile`,`email`,`category`,`gender`,`bloodgroup`,`schoolname`,`remarks`,`percentage`,`center`,`regno`,`active`,`created_by`,`created_at`,`modified_by`,`modified_at`,`batch`,`dtjoining`,`dtleaving`,`attendence`) VALUES ( '23', '2180900008', 'Aadi Vinayak', 'Mr. V K Sharma', 'Mrs.Suman lata Sharma', 'Service', NULL, 'H No.1370 Sector 28', NULL, 'Faridabad', 'Haryana', '9818183439', '9660764357', NULL, 'vs95000@gmail.com', 'General', 'Male', NULL, 'Holy Child Public School Sector 29,FBD', NULL, NULL, '2', NULL, '1', 'system', CURRENT_TIMESTAMP(), NULL, NULL, '5', NULL, NULL, '0' );
INSERT INTO `student`(`id`,`rollnumber`,`name`,`fathername`,`mothername`,`goccupation`,`dob`,`address1`,`address2`,`address3`,`state`,`phone`,`otherphone`,`mobile`,`email`,`category`,`gender`,`bloodgroup`,`schoolname`,`remarks`,`percentage`,`center`,`regno`,`active`,`created_by`,`created_at`,`modified_by`,`modified_at`,`batch`,`dtjoining`,`dtleaving`,`attendence`) VALUES ( '24', '2180900009', 'Sparsh Gandrotra', 'Mr. Sanjay Gandrotra', 'Mrs.Rajni Gandrotra', NULL, '2004-01-13', 'H No.123 Sector 28', '`', 'Faridabad', 'Haryana', '8130446111', NULL, NULL, NULL, 'General', 'Male', NULL, 'MVN Sector 17,FBD', NULL, NULL, '2', NULL, '1', 'system', CURRENT_TIMESTAMP(), NULL, NULL, '5', NULL, NULL, '0' );
INSERT INTO `student`(`id`,`rollnumber`,`name`,`fathername`,`mothername`,`goccupation`,`dob`,`address1`,`address2`,`address3`,`state`,`phone`,`otherphone`,`mobile`,`email`,`category`,`gender`,`bloodgroup`,`schoolname`,`remarks`,`percentage`,`center`,`regno`,`active`,`created_by`,`created_at`,`modified_by`,`modified_at`,`batch`,`dtjoining`,`dtleaving`,`attendence`) VALUES ( '25', '2180900010', 'Shyla Sharma', 'Mr.Puradeep Sharma', 'Mrs. Pooja Sharma', 'Service', NULL, 'H No. 1346 E Block SainikColony', 'Sector 49', 'Faridabad', 'Haryana', '9810054557', '8178607091', NULL, 'sharma.pardeep15yahoo.co.in', 'General', 'Male', NULL, 'DAV Public School, Sector 49, FBD', NULL, NULL, '2', NULL, '1', 'system', CURRENT_TIMESTAMP(), NULL, NULL, '5', NULL, NULL, '0' );
INSERT INTO `student`(`id`,`rollnumber`,`name`,`fathername`,`mothername`,`goccupation`,`dob`,`address1`,`address2`,`address3`,`state`,`phone`,`otherphone`,`mobile`,`email`,`category`,`gender`,`bloodgroup`,`schoolname`,`remarks`,`percentage`,`center`,`regno`,`active`,`created_by`,`created_at`,`modified_by`,`modified_at`,`batch`,`dtjoining`,`dtleaving`,`attendence`) VALUES ( '26', '2180900011', 'Sunny Kumar Singh', 'Mr.Vijay Kumar Singh', 'Mrs. Alka Devi', NULL, NULL, 'H.No. G Block Gali No 1', 'Dheeraj Nagar', 'Faridabad', 'Haryana', '9555594874', '9971903839', NULL, NULL, 'General', 'Male', NULL, 'Govt Modren School Sector 28 FBD', NULL, NULL, '2', NULL, '1', 'system', CURRENT_TIMESTAMP(), NULL, NULL, '5', NULL, NULL, '0' );
INSERT INTO `student`(`id`,`rollnumber`,`name`,`fathername`,`mothername`,`goccupation`,`dob`,`address1`,`address2`,`address3`,`state`,`phone`,`otherphone`,`mobile`,`email`,`category`,`gender`,`bloodgroup`,`schoolname`,`remarks`,`percentage`,`center`,`regno`,`active`,`created_by`,`created_at`,`modified_by`,`modified_at`,`batch`,`dtjoining`,`dtleaving`,`attendence`) VALUES ( '27', '2180900012', 'Priyanshu Ranga', 'Mr.Ashok Ranga', 'Mrs. Rajni', 'Service', NULL, 'H.No.993 Sector 29', NULL, 'Faridabad', 'Haryana', '9873622529', '9953666141', NULL, NULL, 'General', 'Male', NULL, 'Holy Child Public School Sector 29,FBD', NULL, NULL, '2', NULL, '1', 'system', CURRENT_TIMESTAMP(), NULL, NULL, '5', NULL, NULL, '0' );
INSERT INTO `student`(`id`,`rollnumber`,`name`,`fathername`,`mothername`,`goccupation`,`dob`,`address1`,`address2`,`address3`,`state`,`phone`,`otherphone`,`mobile`,`email`,`category`,`gender`,`bloodgroup`,`schoolname`,`remarks`,`percentage`,`center`,`regno`,`active`,`created_by`,`created_at`,`modified_by`,`modified_at`,`batch`,`dtjoining`,`dtleaving`,`attendence`) VALUES ( '28', '2180900013', 'Harshit Choudhary', 'Mr.Virender Singh', NULL, NULL, NULL, NULL, NULL, NULL, NULL, NULL, NULL, NULL, NULL, NULL, NULL, NULL, NULL, NULL, NULL, '2', NULL, '1', 'system', CURRENT_TIMESTAMP(), NULL, NULL, '5', NULL, NULL, '0' );

